<?xml version="1.0" encoding="UTF-8"?>
<project-private xmlns="http://www.netbeans.org/ns/project-private/1">
    <editor-bookmarks xmlns="http://www.netbeans.org/ns/editor-bookmarks/2" lastBookmarkId="0"/>
    <open-files xmlns="http://www.netbeans.org/ns/projectui-open-files/2">
        <group>
            <file>file:/D:/Semester%20-%203/Enterprise%20Java%20Development/Class%20Programs/PatelMohit-Assign1/web/input.jsp</file>
            <file>file:/D:/Semester%20-%203/Enterprise%20Java%20Development/Class%20Programs/PatelMohit-Assign1/web/WEB-INF/web.xml</file>
            <file>file:/D:/Semester%20-%203/Enterprise%20Java%20Development/Class%20Programs/PatelMohit-Assign1/web/index.jsp</file>
            <file>file:/D:/Semester%20-%203/Enterprise%20Java%20Development/Class%20Programs/PatelMohit-Assign1/src/java/controller/CoffeeShop.java</file>
            <file>file:/D:/Semester%20-%203/Enterprise%20Java%20Development/Class%20Programs/PatelMohit-Assign1/web/response.jsp</file>
        </group>
    </open-files>
</project-private>
